Team,Conf,MedW,MedL,A%,C%,ALWYNI%,Tourn%,Med-NPI,Min,Max,Rank
NYU,UAA,25.0,0.0,100.0%,0.0%,0.0%,100.0%,66.1,63.6280876031433,67.75435186626832,5
Illinois Wesleyan,CCIW,26.0,1.0,64.0%,36.0%,100.0%,100.0%,64.8,61.60391247060672,68.27301665705458,4
Scranton,LAND,26.0,1.0,76.0%,24.0%,100.0%,100.0%,64.4,60.69375614099173,67.32128434144464,6
Smith,NEWMAC,25.0,2.0,57.0%,43.0%,100.0%,100.0%,63.5,59.7112423230874,66.16437627853429,7
Whitman,NWC,26.0,0.0,96.0%,4.0%,100.0%,100.0%,62.5,59.88837898910581,64.70920984767541,9
UW-Oshkosh,WIAC,23.0,3.0,48.0%,52.0%,100.0%,100.0%,61.5,58.19155885850601,66.5112527646374,10
Gustavus Adolphus,MIAC,25.0,1.0,61.0%,39.0%,100.0%,100.0%,61.5,57.21932501517732,64.89749847068165,3
Bowdoin,NESCAC,23.0,2.5,29.0%,71.0%,100.0%,100.0%,61.5,58.35336342293921,66.47678258623712,1
W New England,CNE,25.0,1.0,87.0%,13.0%,100.0%,100.0%,60.7,57.079221272309375,64.04456150348925,8
Baldwin Wallace,OAC,23.0,3.0,59.0%,40.0%,97.6%,99.0%,60.5,56.455689615607426,63.89172840467603,11
UW-Whitewater,WIAC,21.0,5.0,19.0%,77.0%,95.1%,96.0%,60.1,56.17735460514953,64.04499552379895,16
Gettysburg,CC,23.0,3.0,47.0%,52.0%,98.1%,99.0%,60.0,56.641802399939124,63.63130180239388,12
Christopher Newport,C2C,22.0,2.0,93.0%,7.0%,100.0%,100.0%,60.0,57.33630548969946,61.96820482488573,2
Carnegie Mellon,UAA,18.5,4.0,0.0%,96.0%,96.0%,96.0%,59.5,55.41769306344258,63.51188839618973,13
Elizabethtown,LAND,22.0,4.0,15.0%,81.0%,95.3%,96.0%,59.3,56.88025613657274,61.996134582822705,15
Trinity (Conn),NESCAC,19.0,6.0,14.0%,81.0%,94.2%,95.0%,59.3,54.86246646398528,62.80202263424006,18
Cortland,SUNYAC,22.0,2.0,77.0%,19.0%,82.6%,96.0%,59.1,55.43144839708367,61.422059384663754,14
Colorado Col,SCAC,24.0,3.0,51.0%,40.0%,81.6%,91.0%,59.0,54.92848928512911,61.88598912470611,22
Ohio Wesleyan,NCAC,23.0,4.0,43.0%,52.0%,91.2%,95.0%,58.8,55.91939056258536,61.7391736376631,17
Coast Guard,NEWMAC,22.0,4.5,16.0%,75.0%,89.3%,91.0%,58.8,55.73406063668818,62.55384513897031,21
Catholic,LAND,23.0,5.0,9.0%,79.0%,86.8%,88.0%,58.8,54.98696063404878,62.34489297491163,23
Johns Hopkins,CC,20.0,4.0,42.0%,43.0%,74.1%,85.0%,58.7,55.39289560270747,61.76668765929051,27
Wartburg,ARC,23.0,3.0,66.0%,22.0%,64.7%,88.0%,58.7,54.61915143836317,61.21628109206672,24
Bridgewater (VA),ODAC,23.0,3.0,31.0%,52.0%,75.4%,83.0%,58.6,54.889878831636985,62.444940965045696,29
Trine,MIAA,22.0,4.0,39.0%,48.0%,78.7%,87.0%,58.6,55.412734998563,62.25885594331591,25
Washington & Lee,ODAC,21.0,4.0,27.0%,57.0%,78.1%,84.0%,58.6,55.19842877096673,62.16160975530237,28
Hope,MIAA,23.0,4.0,58.0%,34.0%,81.0%,92.0%,58.4,55.757580567687,61.51024517184616,20
Messiah,MACC,23.0,3.0,57.0%,29.0%,67.4%,86.0%,58.2,53.97280921227588,61.73382362007705,26
Bridgewater MA,MASCAC,20.0,4.0,76.0%,16.0%,66.7%,92.0%,58.1,51.78407253207936,60.693761691138825,19
MA Dartmouth,LEC,22.0,5.0,55.0%,28.0%,62.2%,83.0%,57.9,55.08155367310101,60.48515675147834,30
J&W RI,GNAC,24.0,2.0,70.0%,7.0%,23.3%,77.0%,57.6,54.31893593208586,59.46815393886535,32
Ripon,MWC,24.0,3.0,76.0%,7.0%,29.2%,83.0%,57.6,54.67474857893299,60.00379949596612,31
WashU,UAA,18.0,7.0,0.0%,55.0%,55.0%,55.0%,57.5,53.29026727209851,62.00618571407492,46
Washington & Jefferson,PAC,22.5,4.0,42.0%,31.0%,53.4%,73.0%,57.4,52.45586523481807,60.37896715593805,34
Bates,NESCAC,18.0,7.0,15.0%,49.0%,57.6%,64.0%,57.4,52.97378791013818,61.29487763345384,37
S Virginia,USAC,24.0,4.0,65.0%,6.0%,17.1%,71.0%,57.2,52.48273248780989,60.05684047870958,35
Springfield,NEWMAC,18.0,8.5,8.0%,43.0%,46.7%,51.0%,57.1,53.9203289418088,60.84497963703479,51
Carroll,CCIW,19.0,7.0,25.0%,30.0%,40.0%,55.0%,57.0,53.90750260197033,59.4125861406341,44
East Texas Baptist,ASC,19.0,6.0,30.0%,32.0%,45.7%,62.0%,57.0,53.710482994177916,62.98443492198936,39
Middlebury,NESCAC,18.0,7.0,13.0%,44.0%,50.6%,57.0%,57.0,53.555538594298255,61.9164129334944,43
Guilford,ODAC,20.0,5.0,3.0%,45.0%,46.4%,48.0%,57.0,53.438339525639066,61.663765016822424,58
UW-Stout,WIAC,18.0,8.0,16.0%,35.0%,41.7%,51.0%,56.9,53.252141359782556,60.55465490739202,52
Rhode Island College,LEC,20.0,6.0,41.0%,17.0%,28.8%,58.0%,56.9,54.21569180623041,60.44771244244674,41
Mary Hardin-Baylor,ASC,18.0,6.0,36.0%,27.0%,42.2%,63.0%,56.8,52.620289867764875,61.593804857895215,38
Vassar,LL,22.0,6.0,67.0%,8.0%,24.2%,75.0%,56.8,53.247761651943165,60.69842807045609,33
Coe,ARC,21.0,5.0,25.0%,24.0%,32.0%,49.0%,56.7,52.41273373540343,60.26045739747307,55
Hardin-Simmons,ASC,20.0,4.0,34.0%,18.0%,27.3%,52.0%,56.7,54.07370811051849,59.89973652145075,49
Carthage,CCIW,20.0,7.0,5.0%,27.0%,28.4%,32.0%,56.6,52.702575705597305,59.66732687440616,77
Capital,OAC,19.0,6.0,9.0%,35.0%,38.5%,44.0%,56.6,52.41201080391997,61.67507024753848,61
Amherst,NESCAC,19.0,7.0,10.0%,39.0%,43.3%,49.0%,56.6,52.76288799624965,62.62936233227275,54
Hanover,HCAC,21.0,5.0,36.0%,15.0%,23.4%,51.0%,56.6,53.189009968723106,59.845066259481996,50
Shenandoah,ODAC,19.0,7.0,26.0%,14.0%,18.9%,40.0%,56.4,53.61163526568105,60.011305951101725,65
Millsaps,SAA,23.0,3.5,66.0%,2.0%,5.9%,68.0%,56.2,52.61231645514703,59.11046832547808,36
Webster,SLIAC,23.0,3.0,52.0%,6.0%,12.5%,58.0%,56.2,52.66821920630585,59.27253884840335,42
John Carroll,OAC,19.0,7.0,10.0%,23.0%,25.6%,33.0%,56.2,52.7421520124335,59.72623862338412,75
Chicago,UAA,16.0,9.0,0.0%,25.0%,25.0%,25.0%,56.2,52.61486167535542,61.701491513244214,85
Ohio Northern,OAC,18.0,8.0,20.0%,8.0%,10.0%,28.0%,55.9,51.763806428340835,59.78564354810703,82
Tufts,NESCAC,14.0,11.0,10.0%,18.0%,20.0%,28.0%,55.9,51.73130771250349,60.20500541920563,83
Randolph-Macon,ODAC,19.0,7.0,11.0%,13.0%,14.6%,24.0%,55.9,53.05840057248363,59.932472456470485,88
Transylvania,HCAC,19.0,6.0,44.0%,4.0%,7.1%,48.0%,55.8,51.30661690263365,58.50526778808226,60
Trinity (Texas),SCAC,18.0,7.0,31.0%,5.0%,7.2%,36.0%,55.8,52.52293663036288,58.900591634578646,70
Endicott,CNE,20.0,7.0,10.0%,12.0%,13.3%,22.0%,55.8,53.41146247057851,60.02100703001511,91
Houghton,E8,23.0,4.0,26.0%,10.0%,13.5%,36.0%,55.5,51.53661567472664,59.74174240168153,69
St. Norbert,NACC,20.0,5.0,27.0%,2.0%,2.7%,29.0%,55.4,51.19963442373504,58.77625577741685,81
Wm Paterson,NJAC,20.0,6.0,33.0%,2.0%,3.0%,35.0%,55.3,52.533512763042424,58.22831555479117,73
Lebanon Val,MACF,20.0,5.0,48.0%,0.0%,0.0%,48.0%,55.3,52.51897901552173,58.151805519265245,59
UW-Stevens Point,WIAC,17.5,9.0,8.0%,10.0%,10.9%,18.0%,55.3,51.65123864568085,58.598081240149824,100
Babson,NEWMAC,16.0,10.0,9.0%,7.0%,7.7%,16.0%,55.2,51.211512233785506,59.55795897131752,102
Redlands,SCIAC,18.0,7.0,33.0%,1.0%,1.5%,34.0%,55.2,51.642189817156535,57.97151377201722,74
Bethel,MIAC,18.0,9.0,13.0%,6.0%,6.9%,19.0%,55.1,51.71834337026499,57.65044541294414,95
DePauw,NCAC,17.0,7.0,17.0%,1.0%,1.2%,18.0%,55.1,51.88518996808724,58.456976278145746,99
McMurry,SCAC,18.0,6.0,4.0%,5.0%,5.2%,9.0%,54.8,51.598014316064116,58.53058814012825,127
Rowan,NJAC,19.0,7.0,31.0%,1.0%,1.4%,32.0%,54.8,51.861625362171765,57.526589010411044,79
Pomona-Pitzer,SCIAC,19.0,7.0,20.0%,4.0%,5.0%,24.0%,54.8,51.56734079454526,60.476444503470915,87
Chatham,PAC,20.0,6.0,52.0%,0.0%,0.0%,52.0%,54.6,50.92569488327249,57.306559211981735,48
TCNJ,NJAC,20.0,6.5,31.0%,1.0%,1.4%,32.0%,54.6,52.1051987302883,57.55535355680447,78
SUNY Cobleskill,NAC,22.0,4.0,42.0%,0.0%,0.0%,42.0%,54.6,52.04664921037659,57.91712033008126,62
St. John Fisher,E8,20.0,7.0,28.0%,1.0%,1.4%,29.0%,54.6,51.3280316703367,57.63499396710224,80
PSU-Abington,UEC,20.0,3.0,49.0%,0.0%,0.0%,49.0%,54.5,50.86646754027902,56.84754624530652,56
TX Lutheran,SCAC,19.0,7.0,13.0%,2.0%,2.3%,15.0%,54.5,51.156991425517326,58.08943043677458,105
UW-La Crosse,WIAC,14.0,12.0,5.0%,0.0%,0.0%,5.0%,54.4,51.36561259459051,57.261081250096375,156
St. Benedict,MIAC,19.0,8.0,9.0%,3.0%,3.3%,12.0%,54.4,51.58903936924745,58.0751353920965,112
Hamline,MIAC,19.0,8.0,9.0%,1.0%,1.1%,10.0%,54.3,49.886807667953256,57.113435882250414,123
ME Maritime,NAC,19.0,5.0,40.0%,0.0%,0.0%,40.0%,54.2,51.75907966032947,57.830595025046236,63
Brockport St.,E8,20.0,6.0,18.0%,0.0%,0.0%,18.0%,54.2,50.56821339599075,58.134003057104024,98
Emory,UAA,13.0,11.0,0.0%,1.0%,1.0%,1.0%,54.2,50.5481891911867,57.56844304944064,210
Immaculata,AEC,20.0,5.0,38.0%,0.0%,0.0%,38.0%,54.1,52.03709981933122,56.63950186683213,67
Williams,NESCAC,13.0,11.0,3.0%,0.0%,0.0%,3.0%,54.1,50.84790772007093,56.82104782373414,183
Linfield,NWC,16.0,7.0,0.0%,1.0%,1.0%,1.0%,54.1,51.48705928124348,56.9669863514642,217
Merchant Marine,SKY,19.0,6.0,23.0%,0.0%,0.0%,23.0%,53.9,50.29468895989001,58.021426503630096,89
Denison,NCAC,17.0,9.0,19.0%,0.0%,0.0%,19.0%,53.8,51.47095258396906,56.69352636178871,96
Roger Williams,CNE,16.0,10.0,2.0%,1.0%,1.0%,3.0%,53.8,51.02381175371264,57.60731427858231,173
Concordia Moorhead,MIAC,15.0,9.0,8.0%,2.0%,2.2%,10.0%,53.7,50.4734618108351,58.31612756714828,122
Mt. St. Joseph,HCAC,17.0,9.0,9.0%,0.0%,0.0%,9.0%,53.7,50.9598766118859,56.276313822258594,128
DeSales,MACF,18.0,8.0,24.0%,1.0%,1.3%,25.0%,53.7,50.55547571630865,57.181770010277646,86
Wheaton (IL),CCIW,15.0,12.0,6.0%,0.0%,0.0%,6.0%,53.6,50.63851704623184,56.06029638939231,147
Muhlenberg,CC,18.0,8.0,2.0%,0.0%,0.0%,2.0%,53.6,50.3858253139898,56.19253249420583,197
Geneseo St.,E8,19.0,8.0,20.0%,0.0%,0.0%,20.0%,53.5,50.48895610923957,56.59603313824947,93
Rensselaer,LL,19.0,8.0,7.0%,0.0%,0.0%,7.0%,53.5,50.94414655681783,57.303718707116,137
Wittenberg,NCAC,17.0,8.0,14.0%,0.0%,0.0%,14.0%,53.5,49.716187713128704,57.37788364153537,109
Skidmore,LL,17.0,11.0,17.0%,0.0%,0.0%,17.0%,53.4,49.727029878243826,56.673010270608245,101
Franklin,HCAC,18.0,8.0,11.0%,0.0%,0.0%,11.0%,53.4,49.60843583410293,56.20497761465894,114
McDaniel,CC,17.0,9.0,2.0%,0.0%,0.0%,2.0%,53.4,50.58358517614133,57.00996479123322,194
York PA,MACC,17.0,9.0,19.0%,0.0%,0.0%,19.0%,53.4,50.78493104456325,56.00266444043457,97
LaGrange,CCS,18.0,4.0,50.0%,0.0%,0.0%,50.0%,53.3,49.58829832967621,57.029271809349474,53
Montclair St.,NJAC,19.0,7.0,4.0%,0.0%,0.0%,4.0%,53.3,50.350317250600675,57.029499786086205,161
Cal Lutheran,SCIAC,16.0,8.0,35.0%,0.0%,0.0%,35.0%,53.3,49.1790554646765,56.877246816895365,71
Marietta,OAC,16.0,10.0,0.0%,0.0%,0.0%,0.0%,53.3,49.13176315800476,56.87458715113834,327
Ursinus,CC,16.0,9.0,5.0%,0.0%,0.0%,5.0%,53.2,48.80602058489547,56.198936381242305,155
Neumann,AEC,16.0,7.0,40.0%,0.0%,0.0%,40.0%,53.1,49.357772085681546,56.028083160946814,64
Wisconsin Lutheran,NACC,17.0,9.0,15.0%,0.0%,0.0%,15.0%,53.1,50.32851324926032,55.7066984011258,106
UW-River Falls,WIAC,13.0,12.0,2.0%,1.0%,1.0%,3.0%,53.1,50.29206353333383,57.61065306557643,182
Luther,ARC,18.5,8.0,4.0%,0.0%,0.0%,4.0%,53.0,50.10925272863781,56.56999218851215,160
CT College,NESCAC,13.0,12.0,1.0%,0.0%,0.0%,1.0%,53.0,49.5237967589426,56.077798313757796,208
Hamilton,NESCAC,13.0,11.0,0.0%,1.0%,1.0%,1.0%,53.0,49.74874566377301,58.33084456466372,214
St. Joseph's ME,GNAC,18.0,9.0,13.0%,0.0%,0.0%,13.0%,52.9,50.04196296987595,55.8518182465887,111
Calvin,MIAA,17.0,10.0,3.0%,0.0%,0.0%,3.0%,52.9,50.734512280298624,55.16363514278827,168
Knox,MWC,17.0,9.0,11.0%,0.0%,0.0%,11.0%,52.8,49.95094040375036,55.10152013137179,115
Berry,SAA,18.0,9.0,14.0%,0.0%,0.0%,14.0%,52.8,50.15517805570936,55.98131386537569,107
SUNY New Paltz,SUNYAC,16.0,10.0,16.0%,0.0%,0.0%,16.0%,52.7,49.667457478213684,55.967163797834154,103
Suffolk,CNE,16.0,10.0,1.0%,0.0%,0.0%,1.0%,52.6,49.54982003201239,56.06620855603146,229
Hunter,CUNYAC,19.5,5.0,59.0%,0.0%,0.0%,59.0%,52.6,47.450451478354765,55.0248528727055,40
Aurora,NACC,17.0,6.0,26.0%,0.0%,0.0%,26.0%,52.3,48.465134338398066,55.36194413969619,84
Mt. St. Mary,SKY,18.0,8.0,55.0%,0.0%,0.0%,55.0%,52.3,49.02050559676306,54.99722516421754,45
Nazareth,E8,18.0,8.0,7.0%,0.0%,0.0%,7.0%,52.3,49.54572658337484,55.367865893663314,135
Albertus Magnus,GNAC,16.0,11.0,6.0%,0.0%,0.0%,6.0%,52.3,49.7287681914847,55.13517655932338,138
La Roche,AMCC,18.0,6.0,39.0%,0.0%,0.0%,39.0%,52.3,47.45062090292202,55.499544108373605,66
UW-Platteville,WIAC,12.0,14.0,2.0%,0.0%,0.0%,2.0%,52.3,49.40373427516971,55.9947866708132,203
Salve Regina,NEWMAC,14.0,11.0,2.0%,1.0%,1.0%,3.0%,52.3,49.7810862952243,57.47965815729434,175
Penn State-Behrend,AMCC,18.0,7.0,49.0%,0.0%,0.0%,49.0%,52.3,49.06546977291069,54.906692023717106,57
St. Joseph CT,GNAC,15.0,10.0,8.0%,0.0%,0.0%,8.0%,52.2,49.8787970031997,55.26802058391909,134
George Fox,NWC,14.0,9.0,1.0%,0.0%,0.0%,1.0%,52.1,48.04176518408333,55.684421581887364,213
Ferrum,ODAC,16.0,10.0,1.0%,0.0%,0.0%,1.0%,52.1,49.413030063065364,55.26828745800486,211
Frank & Marsh,CC,14.0,11.5,1.0%,0.0%,0.0%,1.0%,52.0,49.139456625177175,55.35583225288269,212
Colby,NESCAC,11.0,13.0,5.0%,0.0%,0.0%,5.0%,51.9,48.58155373455921,55.0823900609619,149
St. Joseph's LI,SKY,19.0,7.0,6.0%,0.0%,0.0%,6.0%,51.9,48.34828681850527,55.76265306530288,146
Arcadia,MACF,16.5,10.0,19.0%,0.0%,0.0%,19.0%,51.9,49.170596874900774,55.07614590743555,94
Albright,MACC,15.0,10.0,13.0%,0.0%,0.0%,13.0%,51.8,48.20423412915261,55.47396889161041,110
Rochester,UAA,11.0,14.0,0.0%,0.0%,0.0%,0.0%,51.8,48.07801797294246,54.766278882777044,364
Washington MD,CC,15.0,11.0,1.0%,0.0%,0.0%,1.0%,51.7,49.22977540368009,55.089517921484564,232
Plattsburgh St.,SUNYAC,16.0,10.0,4.0%,0.0%,0.0%,4.0%,51.7,48.52212263679852,54.58616093403944,163
Univ Ozarks,SCAC,17.0,10.0,1.0%,0.0%,0.0%,1.0%,51.7,48.969585342035145,55.01603538426162,231
Stevens,MACF,17.0,9.0,9.0%,0.0%,0.0%,9.0%,51.5,49.06385286905177,54.71055801119235,130
Lawrence,MWC,16.0,9.0,11.0%,0.0%,0.0%,11.0%,51.5,48.83239404910804,53.71653530953403,117
PSU-Harrisburg,UEC,18.0,9.0,23.0%,0.0%,0.0%,23.0%,51.5,48.717596903573565,54.111644648834485,90
Piedmont,CCS,17.5,9.0,33.0%,0.0%,0.0%,33.0%,51.5,48.865730225290946,55.14866984294504,76
Ithaca,LL,14.0,12.0,5.0%,0.0%,0.0%,5.0%,51.4,49.008219998548775,54.71873992584693,151
Otterbein,OAC,13.0,13.0,2.0%,0.0%,0.0%,2.0%,51.4,48.398018116867725,54.79298579486487,199
Westminster MO,SLIAC,18.0,8.0,35.0%,0.0%,0.0%,35.0%,51.4,47.32169091781371,53.86255971946067,72
Framingham St.,MASCAC,13.0,10.0,15.0%,0.0%,0.0%,15.0%,51.4,47.99254329988154,54.49717267645244,104
Susquehanna,LAND,15.0,11.0,0.0%,0.0%,0.0%,0.0%,51.3,48.424773236083304,54.097803561607485,390
Clark MA,NEWMAC,15.0,11.0,2.0%,0.0%,0.0%,2.0%,51.3,47.692135247777415,54.9817797866699,186
Centre,SAA,17.0,10.0,6.0%,0.0%,0.0%,6.0%,51.3,48.87882375793453,53.80370090725656,141
Wesleyan CT,NESCAC,10.0,14.0,0.0%,0.0%,0.0%,0.0%,51.2,47.9696893955621,55.01820929129987,405
Elmhurst,CCIW,14.0,11.0,0.0%,0.0%,0.0%,0.0%,51.1,47.63033360486575,53.71702889747134,280
Widener,MACC,13.0,11.0,11.0%,0.0%,0.0%,11.0%,51.0,48.08600956169721,54.83939927335843,120
Salisbury,C2C,12.0,12.0,6.0%,0.0%,0.0%,6.0%,51.0,47.767438214034115,54.19104054839151,145
Rivier,GNAC,16.0,11.0,2.0%,0.0%,0.0%,2.0%,51.0,48.52101495885986,53.3825551089166,200
Mt. St. Vincent,SKY,17.0,9.0,9.0%,0.0%,0.0%,9.0%,50.9,46.661773959838335,53.25187799822592,129
Nichols,CNE,16.0,11.0,0.0%,0.0%,0.0%,0.0%,50.8,48.5622587064583,53.949615733551155,344
St. Vincent,PAC,16.0,10.0,2.0%,0.0%,0.0%,2.0%,50.7,47.39096845683357,54.43073223471071,202
Manhattanville,SKY,18.0,8.0,5.0%,0.0%,0.0%,5.0%,50.7,46.18247367508231,52.75346472060766,152
Emerson,NEWMAC,12.0,12.0,2.0%,0.0%,0.0%,2.0%,50.7,48.33310903778029,53.98442077377039,188
Allegheny,PAC,16.0,10.0,3.0%,0.0%,0.0%,3.0%,50.6,46.793764401521265,54.83620544716019,165
Brandeis,UAA,9.0,16.0,0.0%,0.0%,0.0%,0.0%,50.6,47.68899743169965,54.62039803809373,251
Oglethorpe,SAA,15.0,10.0,11.0%,0.0%,0.0%,11.0%,50.6,46.86394446611885,54.17717717091434,119
Brevard,USAC,14.0,7.0,10.0%,0.0%,0.0%,10.0%,50.6,47.46913554839192,54.0957264133708,121
Brooklyn Col,CUNYAC,18.0,8.0,36.0%,0.0%,0.0%,36.0%,50.5,45.969774748951316,54.40171497101862,68
N Central IL,CCIW,12.5,14.0,0.0%,0.0%,0.0%,0.0%,50.5,47.13375672357267,53.86306963535755,340
WPI,NEWMAC,12.0,13.0,2.0%,0.0%,0.0%,2.0%,50.5,46.54129811094945,54.28891757283603,205
Dickinson,CC,10.0,15.0,0.0%,0.0%,0.0%,0.0%,50.4,46.80330923161806,53.095159339636595,273
Drew,LAND,14.0,11.0,0.0%,0.0%,0.0%,0.0%,50.3,47.79940040569544,53.72630821473624,275
St. Lawrence,LL,14.0,11.5,1.0%,0.0%,0.0%,1.0%,50.3,47.95198738322773,54.96990586648908,228
Union NY,LL,14.0,11.0,3.0%,0.0%,0.0%,3.0%,50.3,45.487862675123466,54.85497290746825,180
UW-Superior,UMAC,17.0,8.0,53.0%,0.0%,0.0%,53.0%,50.2,47.299566420317966,52.50647357679178,47
Whittier,SCIAC,11.5,10.0,3.0%,0.0%,0.0%,3.0%,50.2,46.70519622716243,53.92122886648596,181
Salem MA,MASCAC,14.0,13.0,3.0%,0.0%,0.0%,3.0%,50.2,46.99288300550009,53.191943672133476,174
Simpson (Iowa),ARC,12.0,13.0,3.0%,0.0%,0.0%,3.0%,50.2,46.9115370202271,53.24577360318346,176
SUNY Oneonta,SUNYAC,14.0,12.0,3.0%,0.0%,0.0%,3.0%,50.1,46.9205579305624,52.92457010288938,179
St. Mary's MD,UEC,18.0,8.0,3.0%,0.0%,0.0%,3.0%,50.1,47.64553742820512,51.40345057011739,178
Macalester,MIAC,12.0,13.0,0.0%,0.0%,0.0%,0.0%,50.1,46.45447643600176,52.94877773013349,323
Berea,HCAC,13.0,13.0,0.0%,0.0%,0.0%,0.0%,50.0,47.06054877944459,53.66241494580587,248
Oberlin,NCAC,13.0,14.0,7.0%,0.0%,0.0%,7.0%,50.0,47.75874404470835,52.890224732848786,136
Central IA,ARC,15.0,11.0,2.0%,0.0%,0.0%,2.0%,50.0,47.67395557733121,53.52810889143547,184
St. Catherine,MIAC,12.0,13.0,0.0%,0.0%,0.0%,0.0%,50.0,46.56303725711552,52.61637949454149,377
U New England,CNE,13.0,14.0,0.0%,0.0%,0.0%,0.0%,50.0,47.45439999474419,52.17610495749854,395
Pacific,NWC,12.0,12.0,3.0%,0.0%,0.0%,3.0%,49.9,45.398062600980296,52.98521437364738,172
MIT,NEWMAC,9.0,16.0,2.0%,0.0%,0.0%,2.0%,49.8,46.616417713221786,52.959134453316295,196
Stockton,NJAC,14.0,12.0,1.0%,0.0%,0.0%,1.0%,49.7,45.83721858747287,52.502432392088174,225
Alvernia,MACC,12.0,12.0,0.0%,0.0%,0.0%,0.0%,49.7,46.17686067519954,54.06997422772685,238
Westfield St.,MASCAC,13.0,12.0,4.0%,0.0%,0.0%,4.0%,49.7,46.82093473035633,52.30838087724239,164
Loras,ARC,12.0,14.0,0.0%,0.0%,0.0%,0.0%,49.6,46.65943305476862,52.92713548084614,319
Farmingdale,SKY,16.0,10.0,2.0%,0.0%,0.0%,2.0%,49.5,44.72378826462545,52.389938941452016,190
Alfred,E8,14.0,11.0,1.0%,0.0%,0.0%,1.0%,49.5,46.29495691698824,52.54250627974593,206
Eastern Connecticut,LEC,12.0,14.0,3.0%,0.0%,0.0%,3.0%,49.5,47.61154119573853,51.557331356157974,170
Belhaven MS,CCS,15.0,10.0,11.0%,0.0%,0.0%,11.0%,49.5,46.88184796118194,52.88446635628375,113
Case Western,UAA,8.0,16.0,0.0%,0.0%,0.0%,0.0%,49.5,44.8462777501911,53.23033698939211,258
Methodist,USAC,14.0,9.0,8.0%,0.0%,0.0%,8.0%,49.5,45.14473516903791,52.73967948745116,133
Emmanuel,GNAC,13.0,13.0,1.0%,0.0%,0.0%,1.0%,49.4,46.358222324007045,52.32988373918709,209
Randolph Col,ODAC,10.5,14.0,1.0%,0.0%,0.0%,1.0%,49.4,46.283941115216315,53.116667735117225,226
Bluffton,HCAC,12.0,12.0,0.0%,0.0%,0.0%,0.0%,49.4,45.58997941614621,53.38328289210338,250
Milwaukee Eng,NACC,14.0,11.0,5.0%,0.0%,0.0%,5.0%,49.3,46.68716175359945,54.13553967704462,153
Grinnell,MWC,15.0,10.0,2.0%,0.0%,0.0%,2.0%,49.3,46.612265932552866,52.129485042662616,191
Martin Luther,UMAC,18.0,8.0,21.0%,0.0%,0.0%,21.0%,49.2,45.571470100085044,53.43215241492246,92
Lynchburg,ODAC,11.0,15.0,0.0%,0.0%,0.0%,0.0%,49.2,44.677497830190724,51.94663745254859,321
St. Olaf,MIAC,12.0,13.0,0.0%,0.0%,0.0%,0.0%,49.2,46.04274441308882,52.257347147298276,381
Albion,MIAA,12.0,14.0,0.0%,0.0%,0.0%,0.0%,49.1,46.721155515958095,51.69590688988767,235
S Maine,LEC,13.0,13.0,0.0%,0.0%,0.0%,0.0%,49.1,46.462848466553034,52.31297730465584,372
Keene St.,LEC,14.0,13.0,1.0%,0.0%,0.0%,1.0%,49.1,47.05391332339108,51.36733950863435,216
Bryn Athyn,UEC,17.0,6.0,5.0%,0.0%,0.0%,5.0%,49.0,45.045868250130525,52.663312570005004,148
Marymount,AEC,10.0,15.0,10.0%,0.0%,0.0%,10.0%,49.0,45.74489689346495,52.512321191926645,124
Kean,NJAC,12.0,14.0,0.0%,0.0%,0.0%,0.0%,49.0,45.958743794076675,51.972919971091216,308
Bethany WV,PAC,14.0,12.0,1.0%,0.0%,0.0%,1.0%,49.0,46.56976710044248,51.48331476821855,207
Goucher,LAND,16.0,10.0,0.0%,0.0%,0.0%,0.0%,48.9,46.40492321230011,51.07884661443983,289
Principia,SLIAC,14.0,10.0,6.0%,0.0%,0.0%,6.0%,48.9,46.15421846801142,52.87756747712767,144
Lasell,GNAC,13.0,12.0,0.0%,0.0%,0.0%,0.0%,48.9,46.54137862373414,51.490139748789616,314
Mt. Union,OAC,11.0,14.0,0.0%,0.0%,0.0%,0.0%,48.9,46.2652794239742,51.58077538870076,338
Benedictine IL,NACC,14.0,12.0,8.0%,0.0%,0.0%,8.0%,48.6,45.73474587881301,50.89359485729145,131
VA Wesleyan,ODAC,10.0,14.0,0.0%,0.0%,0.0%,0.0%,48.6,44.5043557829097,51.902013403166286,398
Rochester Tech,LL,11.0,15.0,0.0%,0.0%,0.0%,0.0%,48.6,45.77123688388745,51.35172347454464,365
Geneva,PAC,13.0,12.0,0.0%,0.0%,0.0%,0.0%,48.5,46.21255153000382,51.25950655588566,287
SW Univ TX,SCAC,11.0,13.0,0.0%,0.0%,0.0%,0.0%,48.5,45.07733033343097,51.90130323781244,391
Wilmington OH,OAC,9.0,16.0,0.0%,0.0%,0.0%,0.0%,48.5,45.616061314539834,51.72605218259006,413
Anderson IN,HCAC,12.0,14.0,0.0%,0.0%,0.0%,0.0%,48.5,46.25585954584216,51.45711194309645,240
St. Thomas TX,SCAC,10.0,12.0,0.0%,0.0%,0.0%,0.0%,48.5,44.70859330559133,51.00275278188337,383
Centenary NJ,AEC,14.0,11.0,6.0%,0.0%,0.0%,6.0%,48.4,44.9690156719986,52.211016751697436,140
SUNY Fredonia,SUNYAC,11.0,12.0,0.0%,0.0%,0.0%,0.0%,48.4,44.91164816043002,52.536991383146535,387
St. Scholastica,MIAC,11.0,14.0,0.0%,0.0%,0.0%,0.0%,48.4,45.422348978356574,52.28703147148626,382
Oswego St.,SUNYAC,11.0,15.0,0.0%,0.0%,0.0%,0.0%,48.4,44.875247238894374,51.73299985669876,352
Willamette,NWC,9.0,15.0,0.0%,0.0%,0.0%,0.0%,48.4,45.250831562911344,52.28710950461207,412
Mt. Aloysius,AMCC,15.0,10.0,11.0%,0.0%,0.0%,11.0%,48.3,46.24069005115876,51.984598486775276,118
NC Wesleyan,USAC,14.0,11.0,5.0%,0.0%,0.0%,5.0%,48.3,44.18143549810655,51.4155579189905,154
Mary Washington,C2C,10.0,17.0,1.0%,0.0%,0.0%,1.0%,48.3,45.53910099105725,50.83648738277212,219
Occidental,SCIAC,8.0,11.0,4.0%,0.0%,0.0%,4.0%,48.3,44.1068465158483,52.576638565593655,162
Whitworth,NWC,10.0,14.0,0.0%,0.0%,0.0%,0.0%,48.2,44.449818435114366,51.91866552654601,409
Cornell IA,MWC,13.0,11.0,0.0%,0.0%,0.0%,0.0%,48.2,44.89399341723035,51.00789724768844,267
Puget Sound,NWC,8.0,14.0,0.0%,0.0%,0.0%,0.0%,48.2,44.41758644836939,52.43910288160025,359
Norwich,GNAC,13.0,11.0,0.0%,0.0%,0.0%,0.0%,48.1,45.418387190377565,50.32389714455453,348
SUNY Canton,SUNYAC,12.0,13.0,0.0%,0.0%,0.0%,0.0%,48.1,44.52749895137652,50.47495080745882,385
Worcester St,MASCAC,12.0,14.0,2.0%,0.0%,0.0%,2.0%,48.1,45.26165851545864,50.63101633877292,204
Huntingdon,CCS,14.0,12.0,0.0%,0.0%,0.0%,0.0%,48.1,43.73474124019233,51.78862305146443,303
Hollins,ODAC,8.0,13.0,0.0%,0.0%,0.0%,0.0%,48.0,42.591553678568864,50.9796110998115,300
Stevenson,MACC,10.0,15.0,0.0%,0.0%,0.0%,0.0%,47.9,45.2550314140908,51.827738526123966,384
Rose-Hulman,HCAC,9.0,15.0,0.0%,0.0%,0.0%,0.0%,47.9,45.00432136558455,50.682029892171194,367
UW-Eau Claire,WIAC,5.0,18.0,0.0%,0.0%,0.0%,0.0%,47.9,45.77631055634787,51.28159839516858,410
Alma,MIAA,10.0,15.0,0.0%,0.0%,0.0%,0.0%,47.9,44.722629632795766,49.980107407352584,237
Chapman,SCIAC,9.0,14.5,3.0%,0.0%,0.0%,3.0%,47.8,44.39548783697149,51.82460233042758,169
Augustana,CCIW,9.0,16.0,0.0%,0.0%,0.0%,0.0%,47.8,45.375960750869226,50.948142957457065,243
Wheaton MA,NEWMAC,8.0,17.0,0.0%,0.0%,0.0%,0.0%,47.8,44.68717680930613,51.97488740351888,408
Greenville,SLIAC,14.0,13.0,4.0%,0.0%,0.0%,4.0%,47.8,44.615595733522944,50.151666588006286,157
Pfeiffer,USAC,11.0,9.0,6.0%,0.0%,0.0%,6.0%,47.8,44.274649851702435,50.287227254527295,143
Asbury,CCS,12.0,14.0,3.0%,0.0%,0.0%,3.0%,47.8,45.248174121760115,51.15305200077154,166
PSU-Altoona,AMCC,13.0,10.0,1.0%,0.0%,0.0%,1.0%,47.7,44.44068654287267,49.98917748014995,224
Claremont-Mudd-Scripps,SCIAC,9.0,15.0,2.0%,0.0%,0.0%,2.0%,47.7,44.78308491106625,52.05922192917833,185
E Mennonite,ODAC,10.0,14.0,0.0%,0.0%,0.0%,0.0%,47.7,45.73022053409634,50.94507608941049,277
Edgewood,NACC,13.0,12.0,3.0%,0.0%,0.0%,3.0%,47.6,44.66293059584771,52.56809238035869,171
Haverford,CC,9.0,14.0,0.0%,0.0%,0.0%,0.0%,47.6,44.65658383204594,50.87433486321833,294
New Jersey City,NJAC,8.0,16.0,0.0%,0.0%,0.0%,0.0%,47.6,44.29525735776245,51.73861919653255,345
Manchester,HCAC,9.0,14.5,0.0%,0.0%,0.0%,0.0%,47.4,43.872204499959416,50.1421739148982,324
Eureka,SLIAC,15.0,12.0,2.0%,0.0%,0.0%,2.0%,47.4,44.62186946489664,50.13078234804317,189
Lakeland,NACC,14.0,12.0,11.0%,0.0%,0.0%,11.0%,47.2,44.48725459315185,50.70088683530804,116
Northwestern MN,UMAC,15.0,10.0,10.0%,0.0%,0.0%,10.0%,47.2,44.57547395245837,51.2029461060135,126
Concordia WI,NACC,10.0,14.0,5.0%,0.0%,0.0%,5.0%,47.1,43.8060213418926,50.62919486318149,150
Husson,NAC,11.0,14.0,14.0%,0.0%,0.0%,14.0%,47.1,44.3093522594881,50.292202626540195,108
Grove City,PAC,12.0,13.0,0.0%,0.0%,0.0%,0.0%,47.0,45.01734270705898,50.54523096576746,291
Roanoke,ODAC,8.0,17.0,0.0%,0.0%,0.0%,0.0%,47.0,44.07592047378446,49.336956279028854,363
Clarkson,LL,10.0,14.0,0.0%,0.0%,0.0%,0.0%,47.0,44.29570886596531,49.862450863279435,263
Hiram,NCAC,12.0,13.0,0.0%,0.0%,0.0%,0.0%,46.9,43.20130664496149,49.08367666348,298
Swarthmore,CC,8.0,16.0,0.0%,0.0%,0.0%,0.0%,46.8,43.806649144192725,50.96412446585324,392
Concordia TX,SCAC,9.0,15.0,0.0%,0.0%,0.0%,0.0%,46.7,43.69146113861518,49.6245034419283,266
St. Elizabeth,UEC,13.0,10.0,3.0%,0.0%,0.0%,3.0%,46.7,42.90171301106905,49.89288586549014,177
Kalamazoo,MIAA,10.0,15.0,0.0%,0.0%,0.0%,0.0%,46.5,42.674218918462714,48.573249242165076,307
Gordon,CNE,9.0,16.0,0.0%,0.0%,0.0%,0.0%,46.5,42.760719059571336,49.621041404007386,288
Colby-Sawyer,GNAC,12.0,13.0,0.0%,0.0%,0.0%,0.0%,46.5,44.20780126945612,50.40220346133564,264
Baruch,CUNYAC,13.0,13.0,3.0%,0.0%,0.0%,3.0%,46.4,40.32362781971431,48.75998375037749,167
St. Mary's MN,MIAC,8.0,16.0,0.0%,0.0%,0.0%,0.0%,46.4,43.130298604124256,49.92997678514738,380
La Verne,SCIAC,7.0,16.0,0.0%,0.0%,0.0%,0.0%,46.4,41.61965964480105,50.31996271502108,312
Curry,CNE,8.0,17.0,0.0%,0.0%,0.0%,0.0%,46.4,43.31414421306192,50.0149517524468,269
Sewanee,SAA,10.0,15.0,2.0%,0.0%,0.0%,2.0%,46.4,42.85197268007433,49.5046802021616,201
Sage,E8,9.0,14.0,0.0%,0.0%,0.0%,0.0%,46.2,42.46428950411766,49.43529744954059,369
Gallaudet,UEC,12.0,15.0,8.0%,0.0%,0.0%,8.0%,46.1,43.69281308068508,48.47371289699447,132
Penn Col Tech,UEC,12.0,12.0,1.0%,0.0%,0.0%,1.0%,46.1,43.460771045903186,49.54062720690768,223
Gwynedd-Mercy,AEC,8.0,18.0,4.0%,0.0%,0.0%,4.0%,45.9,43.75334923192385,49.64574655333616,158
Rockford,NACC,9.0,13.0,0.0%,0.0%,0.0%,0.0%,45.8,41.96627931301513,48.50836949832635,366
Rhodes,SAA,6.0,18.0,1.0%,0.0%,0.0%,1.0%,45.8,42.764973970624474,48.95089431731901,227
Waynesburg,PAC,10.0,14.0,0.0%,0.0%,0.0%,0.0%,45.7,42.467420076234035,48.623599572150006,402
Austin Col,SCAC,8.0,13.0,0.0%,0.0%,0.0%,0.0%,45.7,42.803659548268875,48.86625725073958,244
Elmira,E8,10.0,15.0,0.0%,0.0%,0.0%,0.0%,45.7,42.43488182468125,48.359545540034524,281
Lyon,SLIAC,11.0,14.0,1.0%,0.0%,0.0%,1.0%,45.7,43.001100748876766,48.04993668826474,218
Western Connecticut,LEC,8.0,17.0,0.0%,0.0%,0.0%,0.0%,45.7,43.31934248401081,49.347843528498935,400
Millikin,CCIW,5.0,20.0,0.0%,0.0%,0.0%,0.0%,45.7,41.88332534065233,48.41697842423292,329
Hood,MACC,7.0,17.0,0.0%,0.0%,0.0%,0.0%,45.6,43.53767844056106,48.2026113118145,301
Schreiner,SCAC,5.0,16.0,0.0%,0.0%,0.0%,0.0%,45.6,40.85943415023033,48.919928426779805,375
Buena Vista,ARC,8.0,16.0,0.0%,0.0%,0.0%,0.0%,45.5,42.413609655841256,48.92694888700145,253
Moravian,LAND,7.0,17.0,0.0%,0.0%,0.0%,0.0%,45.5,41.898327272751416,48.94192917403904,333
MN Morris,UMAC,9.0,11.0,10.0%,0.0%,0.0%,10.0%,45.4,41.5802609212689,49.44598599936992,125
Adrian,MIAA,7.0,17.0,0.0%,0.0%,0.0%,0.0%,45.4,41.89989168544103,47.87597034912749,233
Keystone,UEC,13.0,10.0,4.0%,0.0%,0.0%,4.0%,45.4,41.35892724482606,48.08172562461582,159
Anna Maria,GNAC,9.0,15.0,0.0%,0.0%,0.0%,0.0%,45.3,42.509248102014936,48.37259756195294,241
N England Col,GNAC,11.0,13.0,0.0%,0.0%,0.0%,0.0%,45.3,41.67191660302862,48.34840066551753,342
Marywood,AEC,10.0,15.0,2.0%,0.0%,0.0%,2.0%,45.3,42.989204541025934,48.925237228409,193
Spalding,SLIAC,10.0,15.0,0.0%,0.0%,0.0%,0.0%,45.2,42.40299787773961,48.899721505872556,376
SUNY Potsdam,E8,7.0,17.0,0.0%,0.0%,0.0%,0.0%,45.2,41.16284678867418,48.84450791535095,389
MA Boston,LEC,7.0,18.0,0.0%,0.0%,0.0%,0.0%,45.1,42.82323648428953,47.79433126564428,322
Lancaster Bib,UEC,12.0,12.0,2.0%,0.0%,0.0%,2.0%,45.1,41.220662822688425,47.61424566482103,192
Bethany Luth,UMAC,10.0,16.0,6.0%,0.0%,0.0%,6.0%,45.0,41.47794840869357,47.50299065275754,139
Castleton,LEC,7.0,18.0,0.0%,0.0%,0.0%,0.0%,44.9,40.31108338690683,48.74682440781279,259
Delaware Val,MACF,7.0,18.0,0.0%,0.0%,0.0%,0.0%,44.9,42.159604935192725,47.04203471523933,272
Augsburg,MIAC,6.0,18.0,0.0%,0.0%,0.0%,0.0%,44.8,40.710750583559246,49.68764010816219,242
Caltech,SCIAC,5.0,14.0,0.0%,0.0%,0.0%,0.0%,44.8,41.451731378518154,49.26057806470836,256
Lewis & Clark,NWC,5.0,14.0,0.0%,0.0%,0.0%,0.0%,44.8,40.80963173170234,49.504660709477136,318
Dubuque,ARC,6.0,18.5,0.0%,0.0%,0.0%,0.0%,44.8,41.2752381196085,47.780553648347365,276
Covenant,CCS,8.0,12.0,2.0%,0.0%,0.0%,2.0%,44.7,39.76491190471911,48.27158302871484,187
Illinois Col,MWC,8.0,17.0,0.0%,0.0%,0.0%,0.0%,44.7,42.26660386514235,47.36009748526808,305
UC Santa Cruz,C2C,5.0,14.0,0.0%,0.0%,0.0%,0.0%,44.7,41.392134128029774,47.41311800878132,396
Pac Lutheran,NWC,5.0,16.0,0.0%,0.0%,0.0%,0.0%,44.6,39.95705753468276,49.03518398206309,353
Muskingum,OAC,4.0,19.0,0.0%,0.0%,0.0%,0.0%,44.6,42.434051205866986,47.29623590671154,339
John Jay,CUNYAC,11.0,16.0,1.0%,0.0%,0.0%,1.0%,44.6,37.28022282229883,47.77705154590021,215
Hartford,CNE,6.0,18.0,0.0%,0.0%,0.0%,0.0%,44.6,42.23622686073492,47.80691106784169,292
Bryn Mawr,CC,7.0,17.0,0.0%,0.0%,0.0%,0.0%,44.6,42.79423894697359,47.1405970301719,252
Meredith,USAC,8.0,14.0,6.0%,0.0%,0.0%,6.0%,44.5,41.02799045073862,47.69844235513438,142
Lehman,CUNYAC,12.0,14.0,0.0%,0.0%,0.0%,0.0%,44.4,35.76714308609563,46.28335839183055,316
Hendrix,SAA,8.0,16.0,0.0%,0.0%,0.0%,0.0%,44.3,41.64748496202219,46.99276146680752,296
Rutgers-Camden,NJAC,7.0,16.0,0.0%,0.0%,0.0%,0.0%,44.3,41.190348733249174,46.76756034616869,370
Notre Dame MD,UEC,9.0,15.0,2.0%,0.0%,0.0%,2.0%,44.2,40.39778545337621,46.69953303925502,198
Juniata,LAND,7.0,17.0,0.0%,0.0%,0.0%,0.0%,44.2,41.035011843975774,47.810192471987506,306
Morrisville St.,SUNYAC,7.0,16.0,0.0%,0.0%,0.0%,0.0%,44.1,41.66869246348985,47.37368405918401,334
FDU Madison,MACF,7.0,18.0,0.0%,0.0%,0.0%,0.0%,44.1,41.39518193474948,46.53065150844281,283
St. Mary's IN,MIAA,5.0,19.0,0.0%,0.0%,0.0%,0.0%,44.0,41.61894849692207,46.132956793486144,379
Olivet MI,MIAA,6.0,19.0,0.0%,0.0%,0.0%,0.0%,44.0,40.896785637954856,47.363105605406005,351
IL Tech,NACC,9.5,14.0,0.0%,0.0%,0.0%,0.0%,43.9,41.24555911048887,46.55263034045466,304
Utica,E8,7.0,18.0,0.0%,0.0%,0.0%,0.0%,43.7,39.27591531730005,47.28509047467963,397
Marian WI,NACC,7.0,17.0,0.0%,0.0%,0.0%,0.0%,43.7,41.175680034872585,46.384767156343806,326
Wellesley,NEWMAC,6.0,18.0,0.0%,0.0%,0.0%,0.0%,43.6,41.10144909789324,45.17665189243229,403
Cedar Crest,UEC,10.0,10.0,0.0%,0.0%,0.0%,0.0%,43.6,39.19152175605482,46.45953785669353,260
Lake Forest,MWC,6.0,18.0,0.0%,0.0%,0.0%,0.0%,43.5,40.66667954980057,45.557709195571945,313
North Park,CCIW,4.0,20.5,0.0%,0.0%,0.0%,0.0%,43.5,41.23295047986531,48.096639783547495,346
ME Farmington,NAC,8.0,14.0,0.0%,0.0%,0.0%,0.0%,43.4,37.894186873305934,46.343077760354454,328
Misericordia,MACF,6.0,19.0,0.0%,0.0%,0.0%,0.0%,43.3,39.863523795634556,45.74436329871046,330
Buffalo St.,SUNYAC,5.0,19.0,0.0%,0.0%,0.0%,0.0%,43.1,40.50798896099072,46.596116868073175,254
Howard Payne,ASC,5.0,19.0,0.0%,0.0%,0.0%,0.0%,43.1,40.02569577005357,45.927733959448105,302
Maryville TN,CCS,7.0,18.0,1.0%,0.0%,0.0%,1.0%,43.0,39.04958950884015,47.24858826031816,220
Mitchell,GNAC,5.0,15.0,0.0%,0.0%,0.0%,0.0%,43.0,39.00914939769656,46.591069424232074,331
Rutgers-Newark,NJAC,6.0,19.0,0.0%,0.0%,0.0%,0.0%,42.9,37.806016822866376,45.37917313700584,371
Monmouth IL,MWC,6.0,19.0,0.0%,0.0%,0.0%,0.0%,42.9,40.281634112566486,45.75658202117038,332
Elms,GNAC,6.0,18.0,0.0%,0.0%,0.0%,0.0%,42.8,39.79801014307831,45.02496188165288,282
ME Presque Isle,NAC,7.0,12.0,2.0%,0.0%,0.0%,2.0%,42.8,36.22581544331662,46.137931171504526,195
Keuka,E8,7.0,18.0,0.0%,0.0%,0.0%,0.0%,42.7,40.03047898034506,46.346373382522934,310
Wilson,UEC,8.0,16.0,0.0%,0.0%,0.0%,0.0%,42.7,39.762417889716104,46.17456026325446,414
Wooster,NCAC,6.0,19.0,0.0%,0.0%,0.0%,0.0%,42.7,38.444557880937786,45.20840654239412,415
Earlham,HCAC,4.0,20.0,0.0%,0.0%,0.0%,0.0%,42.7,38.77570160936589,45.72427035406857,278
Hartwick,E8,5.0,19.0,0.0%,0.0%,0.0%,0.0%,42.6,39.115191558221106,45.29336653160987,293
Peace,USAC,6.5,18.0,0.0%,0.0%,0.0%,0.0%,42.5,37.80159753939357,45.98116398768664,354
MS Women,SLIAC,7.0,18.0,0.0%,0.0%,0.0%,0.0%,42.4,40.10500871455435,45.05585133833406,335
Yeshiva,SKY,6.0,17.0,0.0%,0.0%,0.0%,0.0%,42.3,35.021845087933755,45.30572885514857,416
LeTourneau,ASC,4.0,16.0,0.0%,0.0%,0.0%,0.0%,42.1,39.48492583043794,46.276563043670706,315
St. Joseph's NY,SKY,6.0,18.0,0.0%,0.0%,0.0%,0.0%,42.0,33.47707245524173,44.780177659347466,378
Averett,ODAC,2.0,21.0,0.0%,0.0%,0.0%,0.0%,41.9,38.63192364224186,45.92481253619312,245
Regis MA,GNAC,4.0,20.0,0.0%,0.0%,0.0%,0.0%,41.9,37.20828171970692,45.57920611197255,362
Thomas ME,NAC,6.0,18.0,1.0%,0.0%,0.0%,1.0%,41.7,38.68295012965929,44.80417372777785,230
Sarah Lawrence,SKY,6.0,18.0,0.0%,0.0%,0.0%,0.0%,41.7,35.61785487177596,44.10053711411035,374
Alfred St.,AMCC,8.0,17.0,0.0%,0.0%,0.0%,0.0%,41.6,38.94582997991588,45.027560755319904,236
Centenary,SCAC,4.0,20.0,0.0%,0.0%,0.0%,0.0%,41.6,36.50965530053684,47.246835795133016,261
NVU-Lyndon,NAC,8.0,14.0,1.0%,0.0%,0.0%,1.0%,41.5,38.89630264477624,44.32347970055136,222
Hobart & Smith,LL,2.0,23.0,0.0%,0.0%,0.0%,0.0%,41.0,30.55905431290397,43.82030557526809,299
Greensboro,USAC,3.0,19.0,0.0%,0.0%,0.0%,0.0%,40.8,36.010539950101666,44.33076777341923,290
Carleton,MIAC,2.0,23.0,0.0%,0.0%,0.0%,0.0%,40.8,38.12835257992566,43.9586048950297,257
Eastern Univ,MACC,1.0,23.0,0.0%,0.0%,0.0%,0.0%,40.3,34.32137107126423,45.34752381152648,279
Agnes Scott,CCS,4.0,18.0,0.0%,0.0%,0.0%,0.0%,40.2,37.233462013269715,42.591297350314726,234
Dean,GNAC,4.0,19.0,0.0%,0.0%,0.0%,0.0%,40.1,38.99055027092942,42.599540520472345,271
Concordia IL,NACC,3.0,19.0,0.0%,0.0%,0.0%,0.0%,40.0,36.66063388740595,43.90261031882459,265
King's PA,MACF,3.0,19.0,0.0%,0.0%,0.0%,0.0%,40.0,36.90361467761861,44.01464012488676,311
SUNYIT,SUNYAC,3.0,21.0,0.0%,0.0%,0.0%,0.0%,39.9,36.19202944887476,43.32367211307957,388
Westminster PA,PAC,3.0,21.0,0.0%,0.0%,0.0%,0.0%,39.9,34.03166011004677,43.139031710421506,407
Lesley,NAC,8.0,15.0,0.0%,0.0%,0.0%,0.0%,39.8,36.534701440287094,43.006355945778935,317
Medgar Evers,CUNYAC,4.0,17.0,1.0%,0.0%,0.0%,1.0%,39.8,34.29920787010836,43.55916885423779,221
Fitchburg St.,MASCAC,3.0,23.0,0.0%,0.0%,0.0%,0.0%,39.8,38.833631632710286,42.45026856267416,284
Plymouth St.,LEC,3.0,22.0,0.0%,0.0%,0.0%,0.0%,39.7,37.38166176221963,43.406800445645274,357
N Central MN,UMAC,4.0,20.0,0.0%,0.0%,0.0%,0.0%,39.6,34.60667051876895,42.139706743161604,341
Purchase,SKY,5.0,20.0,0.0%,0.0%,0.0%,0.0%,39.3,31.538525356417487,41.789740906722464,360
Dominican IL,NACC,5.0,19.0,0.0%,0.0%,0.0%,0.0%,39.2,36.66847193731913,41.54681218334182,274
Franciscan OH,PAC,2.5,21.0,0.0%,0.0%,0.0%,0.0%,39.1,34.6882662430917,41.48867607690573,286
Mt. Mary,C2C,6.0,12.0,0.0%,0.0%,0.0%,0.0%,39.1,36.578171002279184,42.45996737901692,337
Valley Forge,UEC,4.0,17.0,0.0%,0.0%,0.0%,0.0%,39.0,35.912746283661605,41.908813543363664,399
Dallas Univ,SCAC,2.0,22.0,0.0%,0.0%,0.0%,0.0%,39.0,35.952027411613024,42.67538640924795,270
Bard,LL,2.0,22.0,0.0%,0.0%,0.0%,0.0%,38.9,35.247171124833514,43.7729330231358,246
Crown MN,UMAC,4.0,20.0,0.0%,0.0%,0.0%,0.0%,38.9,35.60370961063184,41.84909692548604,268
Lycoming,LAND,3.0,22.0,0.0%,0.0%,0.0%,0.0%,38.8,27.777780785164936,43.08873018187888,320
NE Wesleyan,ARC,1.0,22.0,0.0%,0.0%,0.0%,0.0%,38.7,29.958738957634292,42.3391302218059,343
Pitt-Bradford,AMCC,3.0,16.0,0.0%,0.0%,0.0%,0.0%,38.6,33.83234519428894,42.66892114453742,355
Beloit,MWC,2.0,23.0,0.0%,0.0%,0.0%,0.0%,38.4,31.549884356161773,42.04228961378149,247
Kenyon,NCAC,2.0,23.0,0.0%,0.0%,0.0%,0.0%,38.3,33.6952405520469,41.741451561182586,309
Ramapo,NJAC,1.0,24.0,0.0%,0.0%,0.0%,0.0%,38.2,34.95581576368007,41.94182893589053,361
Heidelberg,OAC,1.0,24.0,0.0%,0.0%,0.0%,0.0%,38.1,26.956193067658763,41.60731952700077,295
PSU-Berks,UEC,3.0,20.0,0.0%,0.0%,0.0%,0.0%,38.1,34.25060970920843,40.53214868191421,358
Wentworth Tech,CNE,2.0,23.0,0.0%,0.0%,0.0%,0.0%,38.0,36.67498568336648,41.61226142647538,404
Thiel,PAC,2.0,22.0,0.0%,0.0%,0.0%,0.0%,37.1,27.639304572397347,39.84155323041325,393
Fontbonne,SLIAC,2.0,20.0,0.0%,0.0%,0.0%,0.0%,37.1,33.19515599030251,40.17314392384634,285
Salem NC,USAC,1.0,18.0,0.0%,0.0%,0.0%,0.0%,36.9,29.36241928401939,41.35728531352836,373
Wesleyan GA,CCS,1.0,17.0,0.0%,0.0%,0.0%,0.0%,36.8,29.786770216068444,41.24399052758743,406
Alverno,NACC,2.0,21.0,0.0%,0.0%,0.0%,0.0%,36.8,33.67644845347341,39.97275764894235,239
York NY,CUNYAC,2.0,18.0,0.0%,0.0%,0.0%,0.0%,36.7,1.2166650015163917e-05,39.77243221397448,417
Pitt-Greensburg,AMCC,2.5,20.0,0.0%,0.0%,0.0%,0.0%,35.9,27.226898780544225,39.77644485855381,356
Mt. Holyoke,NEWMAC,1.0,24.0,0.0%,0.0%,0.0%,0.0%,35.2,33.83793617629221,39.17126464549358,336
Cairn,UEC,1.0,20.0,0.0%,0.0%,0.0%,0.0%,35.0,33.18153221066117,39.88596946230463,255
City Col NY,CUNYAC,1.0,19.0,0.0%,0.0%,0.0%,0.0%,34.9,22.134403295159498,38.11979072345822,262
NVU-Johnson,NAC,2.0,17.0,0.0%,0.0%,0.0%,0.0%,34.7,27.00351038735844,38.65836553485476,349
Hilbert,AMCC,1.0,22.0,0.0%,0.0%,0.0%,0.0%,33.7,21.849778730323774,37.63224388896372,297
Warren Wilson,C2C,0.0,16.0,0.0%,0.0%,0.0%,0.0%,33.2,29.805106045545223,40.474570838593266,401
Old Westbury,SKY,0.5,24.0,0.0%,0.0%,0.0%,0.0%,32.2,1.268625412897243e-05,38.98536585215058,350
Blackburn,SLIAC,1.0,21.0,0.0%,0.0%,0.0%,0.0%,31.9,29.78768834284338,36.347476202402405,249
Wilkes,LAND,0.0,25.0,0.0%,0.0%,0.0%,0.0%,31.3,22.222225109921432,39.3513908598432,411
Northland,UMAC,0.0,21.0,0.0%,0.0%,0.0%,0.0%,30.9,27.685337259444864,38.827371157809,347
Rosemont,UEC,0.0,24.0,0.0%,0.0%,0.0%,0.0%,30.5,27.400488428605964,36.1234663282289,368
SUNY Delhi,NAC,0.0,22.0,0.0%,0.0%,0.0%,0.0%,28.9,22.22222527990425,35.16998349446737,386
Trinity DC,IND,0.0,10.0,0.0%,0.0%,0.0%,0.0%,28.0,26.545226089181895,31.90877640666082,394
Maranatha Bap,IND,0.0,11.0,0.0%,0.0%,0.0%,0.0%,25.5,23.830151143195263,34.29500610947793,325
